Contrast,A,B,Paired,Parametric,T,dof,alternative,p-unc,p-corr,p-adjust,BF10,hedges
Region,Northeast,West,False,True,4.013038412068837,14.570421381878418,two-sided,0.0011910325415976143,0.007146195249585686,bonf,40.753,1.750510096355742
Region,Midwest,Northeast,False,True,-3.5181672548424197,18.646003528767384,two-sided,0.0023515903986505615,0.01410954239190337,bonf,15.607,-1.4530288944646972
Region,Northeast,South,False,True,1.6319553714562176,23.64360744890618,two-sided,0.11593822862314834,0.6956293717388901,bonf,0.963,0.5562220866159358
Region,South,West,False,True,1.5541452484340865,23.662454850387444,two-sided,0.13342404021595441,0.8005442412957264,bonf,0.849,0.5092639803243495
Region,Midwest,South,False,True,-1.5015087703501535,26.996307300551162,two-sided,0.1448311531560121,0.8689869189360726,bonf,0.808,-0.5162574271017693
Region,Midwest,West,False,True,-0.19013845150078443,18.97966042394688,two-sided,0.8512195116646525,1.0,bonf,0.373,-0.07479308195676303
