A,B,mean(A),mean(B),diff,se,T,df,pval,hedges
Northeast,West,26.38111111111111,17.623846153846156,8.757264957264955,2.1822031234309414,4.013038412068834,14.57042138187842,0.0058180338219558925,1.750510096355742
Midwest,Northeast,17.2025,26.38111111111111,-9.17861111111111,2.6089183504501205,-3.518167254842418,18.646003528767384,0.011514345925387692,-1.4530288944646972
Northeast,South,26.38111111111111,21.620588235294118,4.760522875816992,2.9170668261406636,1.631955371456216,23.64360744890618,0.3807675479050674,0.5562220866159358
South,West,21.620588235294118,17.623846153846156,3.9967420814479624,2.5716657342516527,1.5541452484340865,23.662454850387444,0.42279604328363607,0.5092639803243495
Midwest,South,17.2025,21.620588235294118,-4.4180882352941175,2.942432520233508,-1.5015087703501535,26.996307300551162,0.4505344199956396,-0.5162574271017693
Midwest,West,17.2025,17.623846153846156,-0.42134615384615515,2.215996556826997,-0.19013845150078437,18.979660423946882,0.9974748004087364,-0.07479308195676303
